,date,aave_priceChange,bal_priceChange,link_priceChange,crv_priceChange,dai_priceChange,gno_priceChange,rai_priceChange,grt_priceChange,uni_priceChange,yfi_priceChange
364,2022-04-02,0.991849303643452,0.978163650041436,1.0391514883082835,1.067325941826797,1.0191108364692865,0.9971417120190836,1.0162929423741975,1.0162929805599856,1.0434942942009835,1.0207494131198631
363,2022-04-01,1.1362310381638607,0.998956847779364,0.9714217483296278,1.012718383947764,0.955464102844345,0.9844030483341706,0.9586000448692849,0.9673852338755676,0.975385120161056,0.9987605017493072
362,2022-03-31,0.9443031384277248,0.958906559296458,1.0064240260138744,0.9534096810893964,1.0248693939379785,0.9240127353144836,1.020384075497237,0.9916582465906324,0.9852593746094264,0.950195962738384
361,2022-03-30,1.050497822144605,1.1663758978756495,1.0361518439000788,1.025740910998407,1.0165949269489585,0.9978662825368362,1.0170089464545329,1.0098815699145582,1.065210542971715,1.0529450500092377
360,2022-03-29,1.277890599387012,1.0408699393367609,1.020172824383445,1.0798377587473271,1.0021816448984848,1.0404648813528845,1.002059738055335,1.0059886756423275,1.0162999079202482,1.039465799130214
359,2022-03-28,1.048180930792237,1.041016649659407,1.0290741745571383,1.0440342134726182,1.035802917552904,1.1830988980250126,1.0344919610712815,0.8674407493273518,1.0159814673272105,1.050872124776208
358,2022-03-27,0.9854724359832676,1.0359206897781283,1.0134171922790531,1.030040941743554,0.957121574886938,1.1334433629470269,0.9580122527994056,1.0040392274765533,1.0226850390507043,1.0035109587085822
357,2022-03-26,1.0095535994813976,1.0304027994377418,1.0225846928822202,1.0593680372740737,1.005426142987346,1.0107355974494132,1.0072298255222982,1.0090057660320462,1.0031340951744976,1.0327176807121032
356,2022-03-25,0.9891269139251586,0.9918119293384928,0.9770190727132848,0.9755279459126864,1.0192605837020603,1.0169286557067758,1.0197620639507177,1.026492614281432,1.0083816765947513,0.9841957575781252
355,2022-03-24,1.0520357902140929,0.9917563552184064,1.0093849024691783,0.9794312406128118,0.9784198195347168,1.0152218577725889,0.9786388416987928,0.99582458179189,1.0538655061265103,1.0220142610403284
354,2022-03-23,1.0431962819352674,1.091149457338015,1.0420520129638278,1.0806292520546237,1.0265020504697635,1.0196602102699983,1.0255370357229114,1.0675341502873177,1.0440216149675847,1.0302783123221957
353,2022-03-22,0.9530986309732106,0.9627092233704168,0.9948812720506706,0.9922186499982,0.965153235990336,0.9961543335768586,0.9676218890590806,0.9946360045343796,1.0115867794102598,0.9646866278585272
352,2022-03-21,0.9863275987707124,0.9984806121033688,1.0095043252092528,1.002022020837419,0.98471766793724,1.003256649660493,0.982522364806494,0.9782312466246988,0.9765497277445332,1.000177720816522
351,2022-03-20,1.0138015512130545,0.9786675197031564,1.00737461763466,0.9772725640018438,1.0270144095575928,0.9964518845842198,1.0275884609535746,1.0087129891480464,0.9955493884178048,0.9921540813978628
350,2022-03-19,0.9832151790000252,1.0594133768859104,1.0078357510169205,1.0295506839803692,1.0114201444176627,1.0154109044869049,1.0107838229363169,1.020382182321798,1.0158308157610236,1.020027997730825
349,2022-03-18,1.0138135652153424,1.0081983264186107,1.0146901493592704,1.02677105365438,0.975616236840987,1.0251638635234246,0.9752422547732852,0.9960177902259776,1.0237257538477906,1.0318002022471495
348,2022-03-17,1.1594944746354148,1.0520245765915557,1.0362625351083852,1.07207022662249,1.049633399809388,1.0651719444702783,1.050036813799908,1.046623582491894,1.0643894161850722,1.0654480338790644
347,2022-03-16,1.0965631797534163,0.9720520700600696,1.0090851159714689,1.0058049935450086,0.9527389009683662,0.995164437445392,0.9489371437159206,0.9914902712197412,0.9885371361611842,0.9809433054191932
346,2022-03-15,1.0869929835004335,1.0756639543985311,1.0851783915822797,1.0614079976684925,1.0525702497285103,1.0264920183060808,1.055549787867909,1.0479993816440434,1.0846638639648551,1.0570074179082838
345,2022-03-14,0.9452909581417016,0.963907634973878,0.9756692657381228,0.948140549333588,0.9266828633493236,0.9524769849188544,0.9275388900142988,0.972980185018128,0.964064140027012,0.9517036735950242
344,2022-03-13,0.9968001585077324,1.003888228615342,0.997209404653694,0.9948485384159954,1.0349733493582418,1.011220705399036,1.035913048824489,1.003314506353217,0.9944774983746124,1.0146064557961731
343,2022-03-12,1.0075989341091296,0.9708801889748612,0.9877764902846188,0.9832087783788924,0.9809086128605066,0.981897609925568,0.9807932455842576,0.9824370428371576,0.9714299554750764,0.9735049782739325
342,2022-03-11,0.936686674239028,0.9288140268363144,0.9457371772016938,0.92692873787658,0.954891680503714,0.9352041990322,0.9532873109387388,0.940035352787686,0.94260067922934,0.930459328690186
341,2022-03-10,1.078329390333863,1.0893489932509075,1.0884434056347465,1.0892611788168085,1.1522776835823154,1.101672266148327,1.1508357445707444,1.0839878464655277,1.089687616312102,1.0784424896152287
340,2022-03-09,0.98343204120221,0.9898119689868228,1.004670797128884,0.9972524133381176,0.9384148815222686,0.9827552653433655,0.9408363202555065,1.0172401379558615,0.9760917871473797,0.9912214066022204
339,2022-03-08,1.0084746641502782,1.0008855065985942,1.0015659435989064,0.991790917770792,0.9802123154024668,1.0020150230288345,0.979543601677346,0.9904664253556192,1.0296785027595243,1.0195972162889513
338,2022-03-07,0.9863279441739496,0.9699008785454796,0.9343387419293808,0.9445582743578088,0.978652236737031,0.938217122007149,0.9740256924832276,0.9741491484497706,0.9648636229701076,0.98993441438758
337,2022-03-06,0.9716136873176044,0.9884107496734488,0.9863523540226532,0.9537114890199092,1.029711016252126,1.0048449902312306,1.034771245739885,1.0067052699651895,0.9765304579091028,0.9300271989200204
336,2022-03-05,0.9188617491245956,0.9420031072758802,0.934400329365227,0.9135572742015726,0.9163960503652124,0.9242152889391688,0.9150241193864244,0.9225341649691724,0.9349482369154672,0.9317987132781638
335,2022-03-04,1.001246952839239,0.958331078424925,0.9629646434210196,0.9401751390512718,1.049538381761792,0.9668504087274662,1.050736164582366,0.966150433541788,0.964394414044798,0.964130523773256
334,2022-03-03,0.9636706110996212,0.9731776971706444,0.9992557236427742,0.9740757676361288,1.0245116929933948,0.9727550451555356,1.026893123864658,0.9892287860800538,0.978042764617159,0.9907877471291938
333,2022-03-02,0.9978689249321082,1.0212105351409158,1.0344632314652749,1.078848268224301,1.0353911353062164,1.0348349035079043,1.0311092945409213,1.0285522248544887,1.0064954522705707,1.0734448826362293
332,2022-03-01,1.102521719413082,1.1367851775399953,1.131461430943992,1.1618858187438057,1.1137983053349765,1.134016593485767,1.1139351120095695,1.143420684007769,1.0963071450396855,1.1202409552442585
331,2022-02-28,0.934531479082325,0.9467421709547944,0.9366262237160412,0.9447866988539168,0.8417028499496679,0.9188974675796304,0.84270350199891,0.967086098454085,0.919733996707474,0.9381350386273056
330,2022-02-27,0.9957124315763703,0.96899303594047,0.9593373467379144,0.9444746555218092,1.0322693873103514,0.9701233243842748,1.0321829176053936,0.9942528171374768,1.1034786736659656,0.957456801271301
329,2022-02-26,0.9968911705331194,1.0295927143903585,1.0515710392027495,1.0411257504981517,1.0349316400141857,1.0316264974163696,1.0313498446504592,1.0248366348603677,1.0017910039708662,1.062407485067383
328,2022-02-25,1.1268047406718795,1.0480719742331883,1.0825221045977067,1.056387713014219,0.9970545949056768,1.0695239375729104,0.9979140662923882,1.026518312899056,1.054159256130852,1.046294760242643
327,2022-02-24,0.8970417942147544,0.9402291971649178,0.9369272411375708,0.9173393988264588,0.950815030491106,0.9460131556885116,0.9523755114526188,0.9748310292931874,0.9479829879940934,0.8995527099805968
326,2022-02-23,1.0366419711771158,1.014739357244555,1.016286493146098,1.020736792427598,1.0553418916580286,1.0507854858570458,1.0626060697812405,1.034463524951354,1.0514826512206858,1.0471534597219356
325,2022-02-22,0.9713869560753736,0.9745751900492128,0.959785075695044,0.945320315727986,0.9355276173323026,0.939511276258223,2.8061386008273974,0.9622468381875274,0.961584211479406,0.9634054291346638
324,2022-02-21,0.9302080896048348,0.9427531487016596,0.919686990552982,0.9127866758186536,0.9996856592482826,0.9867189730341656,0.3305512228970437,0.9582325474115556,0.9099078117270722,0.9554876514877352
323,2022-02-20,0.9912723499060708,1.0047589712698406,0.9918102822052262,0.958246492285098,1.0399298325773636,0.9920690868719972,1.04045682599581,1.002976078318997,0.9827734729960924,1.0037575863513464
322,2022-02-19,0.9868165789362684,0.9825720344536524,1.0042484798191706,0.981757992672871,0.9879326594513068,0.9757517404450556,0.98675991242619,0.9879325287277858,0.9698727186364576,0.9724831417251076
321,2022-02-18,0.8886266743432898,0.8992894520882798,0.9128445202455426,0.9046282190761809,0.9344079888061948,0.8789257731764764,0.936495618623472,0.9205620810123658,0.91552329112565,0.9144126772884124
320,2022-02-17,0.9588670701624268,0.9534422663805996,0.9702952075323305,0.9793757944432948,1.0717480959150034,1.0325115041217778,1.0739872190396855,0.9885351761600376,0.9823133197082816,1.0102780767693065
319,2022-02-16,1.0564847359454317,1.0305203033424524,1.0514895465851386,1.0629905808736104,1.0590324353933611,1.0388792359940011,1.0542569205255772,1.0612136807279984,1.046269373747676,1.0328244147011842
318,2022-02-15,1.0484217537218097,1.083245201670635,1.0513349166050667,1.0677036330126213,0.9664408939776769,1.0657635884203278,0.9669400856728592,0.9414053775373008,1.0428897151229686,1.0201698302352855
317,2022-02-14,0.986549615439856,1.0087880509239149,1.0021982091395245,1.026248537950517,0.9875919480483656,1.0221792003883403,0.9863610982346268,0.9998367071691732,1.0106793467107684,0.9962102284711226
316,2022-02-13,0.9756892904067616,1.0058395972432836,0.9816236323878492,0.9605986776863176,0.9934107344595188,1.0153559415180669,0.9959233624496622,0.9955082651330904,0.9745690287086248,0.9891168715649928
315,2022-02-12,0.9669647469144368,0.9925380929820824,0.9612639399990638,0.9731770409212742,0.9774210802830402,0.9666519791415928,0.9745156761245142,0.9728902309560428,0.9770469791900728,0.9758194247571864
314,2022-02-11,0.9309738643202772,0.922641167431102,0.930189847838618,0.8994563461979632,1.0201145878055269,0.9714705730910996,1.0191582833564543,0.9829724819254414,0.9281920474384188,0.9531758213861968
313,2022-02-10,0.9627367204252146,0.9884163803347142,0.9645355887396744,0.9426055899331368,1.0134190857767278,0.9990537789286354,1.0165473409743435,1.0045137841366236,0.9568875654976636,0.953423885256536
312,2022-02-09,1.0218039684859528,1.0271565067038646,1.01158893996542,1.023059828395655,1.0017883429074963,1.0539022676160257,1.0016924365804103,1.0062289578590649,1.0353471247836643,1.0303859447287798
311,2022-02-08,1.0439871071860922,1.0193957037611736,1.0044262707026057,0.9821098548823064,1.0287991301615511,1.027785856407512,1.037262875445029,1.0337932634396925,0.9835575115821172,0.983556587760832
310,2022-02-07,1.043481467671484,1.0132725505162543,1.0258309323579329,1.058332443502547,0.9888100875041956,1.0236666478818337,0.9770418162710242,1.0236626683282266,1.0689541906166524,1.0775538587336353
309,2022-02-06,1.0073275840462057,1.022470033111764,1.0128494572195883,0.9491378369365584,0.9731204084324964,0.9811122936877716,0.9757011283855316,0.99567712794187,0.997581875319998,0.9474087407495224
308,2022-02-05,1.112768585846036,1.1424876772572536,1.12053752699693,1.1189297695729832,1.1012797443031408,1.1244068784530814,1.098652041586719,1.1232431541929662,1.130856324535261,1.1317288128200034
307,2022-02-04,0.9920316877402894,1.0136436207449897,0.974201558862007,1.0043999697087056,0.9115569131520646,1.0245036165394883,0.9132303715895512,1.0027125695918353,0.9692899534531332,0.9552201097622336
306,2022-02-03,0.9497661009964928,0.97909567126636,0.969519795354622,0.9428963784509768,0.951702038735664,0.9458580589674128,0.9475728209752308,0.9560375364583904,0.9345224079316732,0.9676571373333592
305,2022-02-02,0.9781072075430776,0.9885486252462184,0.981858470276075,0.943827994147826,1.0580397873097045,1.022873140121091,1.056046263972043,0.4036558815539002,0.999613761934354,0.9580175792017466
304,2022-02-01,1.050327558634024,1.035596562256362,0.9948842896418691,1.0693034608340803,1.0064835803080707,1.045412211495232,1.0091841825250298,1.0150693083943991,0.9486500818129636,1.0296412373943609
303,2022-01-31,1.033497636493756,0.983080395304224,0.9525654566117108,0.997821672078528,0.9810395978056784,1.0045886820851258,0.9824656175891264,0.9934864263609045,1.0721997434325734,1.0206290506065177
302,2022-01-30,0.9869472624426024,0.9901225381954112,1.1107155272273528,1.0915156038903764,1.0131054184938222,1.0118790867928285,0.9861820852552656,1.0100284540504765,0.9851646606817722,1.000503988780757
301,2022-01-29,1.0373719273113888,1.0537166950321968,1.0150392460799305,1.0302833049679148,1.0066282650459,1.0400748726559774,1.015692166289939,2.98869110187207,1.056974577091437,1.037302170548404
300,2022-01-28,1.0260981233551187,1.0284238240795136,1.0575642023491554,1.0431267959275534,0.987900478381588,1.0323746061523962,1.0113916014554194,1.0110223247049137,1.02325559752393,0.9778839193945208
299,2022-01-27,0.9599240765579908,0.9531023642803964,0.9746855535211176,0.9436644127045444,1.0027146467939665,0.950756220942919,0.988371701304606,0.9967966955435856,0.9516643017894134,0.96377309825963
298,2022-01-26,0.9842715210500028,0.9938235541754946,0.9926283713028106,0.9684142145376736,0.9976999043206476,1.0259276084641742,1.0019729238443549,1.0058443479029104,1.0169612366735272,1.0034428590065476
297,2022-01-25,1.0017876804029324,1.0265596491216094,0.998784740708075,1.0806936405856045,1.006581076442103,1.0062749524962198,1.0077882139531242,1.012879255972203,0.9941619083346372,1.0285689334382129
296,2022-01-24,0.9882448142092606,1.0076578950241866,0.9708601718889138,0.96291384456705,1.0204353377421898,0.9994298299901042,1.0177551731001309,1.032005771003428,0.9519641878147768,0.9865667455137088
295,2022-01-23,0.998336506191162,0.9491175681445184,0.960782620723237,0.9633819206413564,0.9414826242105708,1.0330738558967003,0.946413756122456,0.9636151624056546,0.9522229680266358,1.0171266861282993
294,2022-01-22,0.8064106558261003,0.8648766148140139,0.8499601369770178,0.8167766540003645,0.9280049170291744,0.8099041765294751,0.9308408981545402,0.896852845579412,0.8234658084154547,0.8247708941746735
293,2022-01-21,0.9317165315373744,0.9383280371142608,0.945920539556456,0.9030737094528756,1.087137254404162,0.9095680383186132,1.0836438321330468,0.975044785108136,0.95531739422377,0.8958281478463632
292,2022-01-20,0.95008355330431,0.9641327728058844,0.9386842860162932,0.9516347782924408,1.0111461242063555,1.031621182705748,1.0097417007820493,0.9847646679384346,0.9581204086710976,0.9791490241584812
291,2022-01-19,0.9256370012962204,0.9885948500531124,0.9613762326552228,0.9420690073974236,1.0159036578663851,0.989890876683758,1.015522597883462,1.0022960331094963,0.9715271405447702,1.0077454053448047
290,2022-01-18,1.0009053441467184,0.9652042344391794,0.942021409453352,0.937399983436322,0.9755687031087564,0.9092329301499668,0.9749903511391292,0.9809495909916152,0.9398123218147386,1.0079747932383611
289,2022-01-17,0.9525508509254876,0.9412731219057988,0.9473353479980812,0.9434382290833686,1.0207865278527486,0.9468437757225096,1.0220816103193646,0.9975280427066904,0.952765633995092,0.9564412592618476
288,2022-01-16,1.015835836933812,0.9929524998249044,1.0173206653068807,0.9757933305257868,1.004187815499718,0.9840978119079358,0.9996253317113084,1.002453309935368,1.0848680457953794,1.0108400914472484
287,2022-01-15,1.080608856589135,1.0265707394578345,0.9914513329689232,1.0005987592073662,1.0098429063922918,1.0112544461084452,1.0117413922851954,4.278920607671116,1.0475235346416747,1.0477504834319682
286,2022-01-14,1.0265289821497596,0.9596652608034782,0.9922298059034194,1.0216771102220046,0.9572045667191856,0.9498202216202268,0.9572967875058505,0.9687719627302468,0.983769816189736,0.9835363209381768
285,2022-01-13,1.0152257215450042,1.0217082752067053,0.9843191315310365,1.0838473082934763,1.0593315324534656,1.045520450467723,1.0574869512016152,1.0281613942041088,1.007295213507419,0.9861166872446654
284,2022-01-12,1.018079894732629,1.012658213154387,0.987636047423218,1.0575354743272156,0.9950032325033474,0.9865265157902776,0.9959754737494768,1.0216708040119693,1.013763904130239,1.0247810103098014
283,2022-01-11,0.9968234207453892,0.9958954263462518,0.946877109415841,0.99712719138279,0.9771816522872124,0.8468823921908487,0.9756415994132268,1.000179136268933,1.0316169542275813,0.9827285427985488
282,2022-01-10,0.9836097900921532,0.9302320717156646,1.092321606447488,0.9822232479715458,1.0028849722296822,1.021852508148788,1.0058213327264125,1.0177268034800588,0.9619918364155228,0.9832779613803972
281,2022-01-09,1.0122006558281988,1.0465522722107186,0.9809688690280972,0.9199390734831236,0.996531586699154,1.039251917957023,1.004564261761978,0.1489772367167313,0.9992655392207448,0.9304903809745624
280,2022-01-08,0.9486217264543012,0.9657411874724676,1.025491027442842,0.9258613665695256,1.0014388766766946,0.9307536073805778,0.9551700885478528,0.9609116097084028,0.9209711645334018,0.9883751723709994
279,2022-01-07,0.988687884209198,1.026862003218456,0.991885307090102,0.9902766955488268,0.9901737030169784,0.99017671293648,1.03086889460021,0.9901324341462976,0.9908488520159744,0.9904167379310976
278,2022-01-06,0.9176812970146236,0.9608498588733893,0.948723863156012,0.9486905393540068,0.9554968338806497,0.947186506738493,0.9583967522400216,0.950131139931764,0.9497952228899152,1.0499544140060917
277,2022-01-05,0.9543201264547424,0.9482696115454076,1.1229530345800531,0.9317077470847318,1.0448998534957137,0.9576115249684016,1.0471366455760704,0.987253332387402,0.980838042652306,0.9430094277554032
276,2022-01-04,0.9395092443730346,1.006216935676677,0.998525027226159,0.9289023245414776,0.991047542853002,1.0380654296494212,0.991684824232006,0.9819345995135422,0.9869612688230396,0.9239082722017968
275,2022-01-03,1.0133936885136208,0.9852266432244948,1.0908298828485958,1.0940863399013432,1.0107297078241015,0.9855937650927332,1.0100091279490742,0.9910309957767988,1.0120346683584716,1.0100815208318803
274,2022-01-02,1.044167026565891,1.098046298081787,1.1012161813746817,0.9994450393830662,1.0347549815483794,1.0122395815693088,1.0329498113231534,0.7268050637249477,1.094871370772418,1.113397498952134
273,2022-01-01,0.988842591545928,1.0133421127610551,1.002187446533254,1.1054385416477344,0.9605568173858704,0.9528658534246426,0.9623281112661484,0.9465716972339632,0.974068458474704,1.0471678720125035
272,2021-12-31,1.0030846657790593,1.0837725820652793,1.0180430255705828,1.0965513667780074,1.0280903308335831,0.9936253808798368,1.030305779914119,1.014726258137175,0.9956725791119676,1.133949031305633
271,2021-12-30,1.071295489872628,1.015887701803459,0.970041237694029,1.0147300515199515,0.9653939335178514,1.0976902979463674,0.9594471319972356,0.9744756639476,1.0009373896309,1.0105380882817343
270,2021-12-29,0.894702554501158,0.9214048260405158,0.9237467264596256,0.9686528498678064,0.9623737284755238,1.0932990353052874,0.9746265376931088,0.9421060695174448,0.8857945144981512,0.9539314357875216
269,2021-12-28,0.973161797605854,0.9620153371210876,0.946805785231276,0.957042733399017,1.0639311741752795,0.9831360707390958,1.0607591412907906,3.3213581354941377,1.0292679703878993,0.9690554573013196
268,2021-12-27,1.0409610927615742,1.0089334130124212,1.0066354118435872,0.9360902121707632,1.0032277578712014,0.9764389449929052,1.0045827567670793,1.2177963402646612,1.0310181046019755,1.028136895445826
267,2021-12-26,1.0062976744531913,0.9826248069224016,1.0311115530261747,0.9681989504459652,0.9920454280882128,1.0335368247046304,0.9922331849352308,0.9955739672001774,1.0574659537723283,0.9873091850510916
266,2021-12-25,0.9866701325920254,1.0043148673809934,1.0357205201471986,1.1374616487382458,1.0012872597745217,1.0214917323435442,1.001614952007835,0.9997663973829236,1.004039999289314,0.9624292153558422
265,2021-12-24,1.1403736552672856,0.99795048877332,1.0109780447557914,1.0385738524712362,1.0429311332617237,1.0311134991843618,1.0420620958112312,1.043988940925379,1.0032900570362149,1.075383488317613
264,2021-12-23,1.1356130295171656,1.01553352456123,1.055132417417867,0.9855195677533696,0.9543676406337664,0.9666229312641856,0.9549072121855808,0.9920781089247788,1.0687135077866186,0.9542137398139832
263,2021-12-22,1.1666588567135616,1.0163143238405996,1.0787189951226033,1.141480348523981,1.0507268642028562,1.0289077692825503,1.0498281572360426,1.0430462000472585,1.129148074119437,0.9568512785058866
262,2021-12-21,0.99255448948647,0.98497338557267,0.9946731190583116,1.072459943923418,0.9608665818234824,0.9552061528412004,0.9616053615112128,1.0066221439160865,0.9985194717061768,0.8969355909904725
261,2021-12-20,0.9743295891237774,1.0256478263261193,0.9884123293106212,0.98746295803856,0.99886984158032,1.016953442486563,0.9973037760435536,0.9965294250839698,0.962700765850002,1.1584728714068615
260,2021-12-19,0.9712567570786672,0.9876164094476194,0.9845130534269236,0.9371106898112668,1.0119424775228192,1.0087301851256487,1.0143167392175776,1.013843789531396,0.9766633778490404,1.039792426334877
259,2021-12-18,1.014909449010945,1.0563894055769891,1.0273328514719386,1.0098400098848173,0.9587770660245526,0.9742174249886912,0.9604620011163152,0.9713627950477958,0.9990748296742324,0.8975059753057197
258,2021-12-17,1.0466879737548989,1.1050504873516995,0.9749842905272528,1.111496011576527,1.0038797290803094,0.9880897133769152,1.002349627491304,0.9746135848384064,1.0410353040752285,1.3612591995422982
257,2021-12-16,1.042790387015699,1.03698277616046,0.9886334131524238,1.0756150452578086,1.0355510180862664,1.025167821947064,1.0366021851972886,1.0108715120566811,0.9820803260597186,1.2331925409189872
256,2021-12-15,1.0491549469996193,1.088851858227869,1.09682978064517,1.1233731453415434,1.023221156381615,1.1688765358146882,1.0219646690962525,1.0288288673276649,1.0431082150685234,1.052136832896014
255,2021-12-14,0.94306288855719,0.9262359344587452,0.9360431691684504,0.9215936838393192,0.9071785149191548,0.9909602597288826,0.9067430773732108,0.6924755859917955,0.954497927119206,0.9290404992027804
254,2021-12-13,0.9799028049527364,0.9756874144559646,0.9457397666121896,0.94847662312962,1.0877882128524383,0.8951337101230639,1.087542068450832,1.016445720380542,0.9627710215990728,0.9799959220078855
253,2021-12-12,1.0227025057587569,1.025023688022723,1.0510517221096662,1.0467364638973025,1.0235326462988614,0.9964663662220892,1.0283380187834488,1.0409850094808497,1.031746495106778,1.0336921754633697
252,2021-12-11,1.0131915283344213,0.96722125779962,1.0136877325035685,1.049553708240593,0.9544253925185778,1.0325065634947892,0.9556751683566262,1.3181176813604971,0.9852714504026778,1.0123403458717437
251,2021-12-10,0.9074925852387526,0.920491630859806,0.8722018786927782,0.8772845222961511,0.9544845106336832,0.8871958348664956,0.9497755631885384,0.9476635478698646,0.899580151229283,0.9193446116703043
250,2021-12-09,0.9372325381001928,1.0055121294089309,0.9511196342546128,0.931069049863806,1.0479723485014725,1.0744581322997864,1.0503539835366007,0.997685841240384,0.922176546940092,0.961040931370586
249,2021-12-08,1.0771890961229322,1.0350749349469677,1.1055335865593978,1.015458248250635,1.0016682014585276,1.037986713758866,1.0013382559771236,1.003687600523209,1.0906776384164694,1.0401397099786216
248,2021-12-07,1.0334208819452346,1.0077821819229107,1.064639817264263,1.1396271208623812,1.027317072521325,1.0177242342488817,1.0252450666504518,1.024216503007198,1.0099408195396986,0.9555902098500384
247,2021-12-06,0.9426501517923532,0.9954323043940424,1.0006097148942086,1.0177986950139597,0.9775062783564106,0.9989838245859805,0.9761886570762586,1.0370592930376672,1.0289633370019222,0.9805035627729732
246,2021-12-05,0.8695357086394941,0.8782670777624718,0.8575757933694167,0.8700702057505391,0.9131313570806024,0.9374842157293716,0.9162705580400028,0.9140300464207446,0.8784923787962874,0.8791624143366494
245,2021-12-04,0.9223739274903462,0.8930428292858864,0.9149379607924266,0.8852830638391012,1.0364086097191625,1.0005127415428012,1.0354162380174858,0.9518247111582328,0.8866707588066889,0.9263168131672898
244,2021-12-03,0.9655166332903956,0.9888261964919308,0.9903459271167088,0.9625546270061826,1.0443431120019748,0.9620656669076264,1.0449074948564787,0.9884831212446802,0.931359643360438,0.9993710828546568
243,2021-12-02,0.9619409268253968,0.9855781457614592,0.9805038525028468,0.9805291084654676,1.0124757492727938,1.0535237984515071,1.012669360121047,1.0520613275710111,1.0727887562853613,1.0086506183956727
242,2021-12-01,1.030374825563938,0.9590614251743196,1.0144128532597387,1.0435003475846778,0.99937604815361,0.9248427529996944,0.9845884108733156,0.9529071685386916,1.0415155454356786,0.9616107146653288
241,2021-11-30,1.0106763189389028,1.0314191800105714,1.0133310320361013,1.0085878020447443,1.0111357886116408,1.1466965162375191,1.0242716182917504,2.284107584254452,1.0106724449335895,1.0018707490825465
240,2021-11-29,1.0894342669155592,1.0630122390416246,1.0453427212245996,1.008299936112679,1.0363789896793465,1.0739382269376323,1.035658112013605,0.9989415525652884,1.046903925801506,1.0500182180689184
239,2021-11-28,0.991144851067285,1.0106307067641638,0.9973832659587458,0.9753172037308492,0.9671840199986425,0.9967979920413776,0.9649873424941576,1.3018045102953817,1.0030445363890192,0.99063885641927
238,2021-11-27,0.8983474958152001,0.91148572004389,0.9040212966712772,0.8709309192770012,0.9025800432284442,0.8930633429132522,0.8999400934710942,1.962463778293173,0.9053067653974792,0.9158401467517738
237,2021-11-26,1.000033722423812,0.9741412171304046,1.0223959747936104,0.9608802111618492,1.127638770598181,1.023122101416394,1.1319823344055602,1.0297153635187366,1.0199348641251904,1.0115069966066437
236,2021-11-25,0.9890469021364112,1.0307132639506185,0.989602670008044,0.9592284899735022,0.957657300658418,1.03615396882254,0.9584243076641852,0.9904654443384676,0.9859463329808787,0.9878566300874624
235,2021-11-24,0.9751277532672274,0.9956503765479806,0.9795889420889488,1.1894672596554634,1.033002756835954,0.989006297931596,1.0325528360353584,0.9206948289582242,0.9664576996306156,1.0138563029688277
234,2021-11-23,0.9559351187165788,1.0014897945585743,0.9401356972917526,1.1302297228833196,0.9335533708842978,0.9993302750665216,0.9317691493185368,0.9534505314306728,0.987303987481648,0.9477811245415124
233,2021-11-22,1.0102008846298989,0.97501028570956,0.9456222417442786,1.124744158111249,1.032033696784061,1.0017933832970043,1.026790771971066,0.984302859262089,0.991680507866966,1.0138282639457723
232,2021-11-21,1.018462598627235,1.0041845106255447,1.073001834944077,1.0104915259037994,1.035736614736199,1.0243463293918105,1.0407250166756732,1.0277741523270167,1.0323553711515492,1.032678353250766
231,2021-11-20,0.979374280478414,1.1199022274675652,0.9966261562427202,0.9918702219166136,0.9984578020847537,1.00575807245338,1.0011886889228538,1.0258290848532037,1.033922501804097,0.9631609374307892
230,2021-11-19,0.9807307535368788,0.8972141655759559,0.9840342927822484,0.8962194932241694,0.9200486610121176,0.9943303248028132,0.919133652418302,0.940328141155286,0.9732551759346176,1.0345890346175373
229,2021-11-18,0.997344507911656,1.0192173044046513,0.9651480702562844,1.1666030742571942,1.0603366389526876,0.9912687141276916,1.0615871414237552,1.002565722403135,0.9736078764640634,1.0169139603680215
228,2021-11-17,0.923100405959702,0.8934415253999033,0.9408561588077786,0.9414481839731008,0.9511956758586564,0.9420754865715047,0.948883158025269,0.9454862456818652,0.95167033709491,0.9193741476441424
227,2021-11-16,0.9708732208454548,0.9673670167259945,0.9376238755787146,0.9761170089417022,1.02984389379288,0.92930532677219,1.0315241563617632,0.9738740641902184,0.934755362950916,0.9941854947645772
226,2021-11-15,0.9967439282118832,1.002233230349734,0.990086557427202,0.9877456216608148,1.0304236004686738,1.0200051765550149,1.0274541198799294,1.0152896788074235,1.0124617805253644,1.026124556627617
225,2021-11-14,1.000276738342493,1.0084758704569878,0.9822528208564248,0.9629881727047126,0.9964395360310964,0.982888214303878,1.002042330531293,1.0035431175212897,0.9862497210178628,1.0155439059186426
224,2021-11-13,1.0042153609110358,0.9727187730248936,0.9814520178691546,1.0466200914932695,0.9848387160548616,0.9745466106688322,0.9815307570565224,0.9911762136369244,0.992314502766995,0.9585474908667628
223,2021-11-12,0.9991919988611008,1.0266275044057955,0.9956252057840274,0.9698527293284284,1.0173619971144892,0.9974212394943496,1.0141666370176587,0.9991483381751788,0.9783374722186652,1.0228091683409704
222,2021-11-11,0.972729417631358,0.9170537083122924,0.9893919485735712,1.0027138650826004,0.9651878143104132,0.9734676625431212,0.9750297362352012,0.9664967466611396,0.9808397180263138,0.9544849876049528
221,2021-11-10,0.9457992604042296,0.9916501015198956,1.033545260217669,0.9203319720292892,1.029062024296391,0.9580056720010672,1.0169770190138607,1.0023609213833922,0.9779214697483704,0.9721554022067302
220,2021-11-09,1.0593969506358334,1.0175825587486045,1.0566589297958762,1.0060104423175515,1.075835548145759,0.9414051078570764,1.0797615121006914,1.0780532009339905,1.0811272989660117,1.0063201386727214
219,2021-11-08,1.0046731430510034,1.0008709224849597,1.0054647209132357,1.0961282842807305,0.9313079311279868,1.037515421154937,0.9553321609211064,0.644698830776951,0.9742727046948858,1.0415392159406045
218,2021-11-07,0.970524555313702,0.9661514478673232,0.9717753133451648,1.0052902347815345,0.9994255436609212,1.075347061368901,0.9798360066301244,1.0067590832588686,0.9804697685290192,0.9969871116668269
217,2021-11-06,0.994372111769818,0.984750806311018,0.9943087546436676,0.9943075733802272,0.9945633270201608,1.003330996594758,0.988241280416284,0.9904917317006464,0.9940417278250532,0.9980516105747438
216,2021-11-05,0.9672368503849436,0.962753481671342,1.0424903378129915,0.96226276910596,0.9799601000379948,0.9757771165702266,0.9779436201344058,0.7961757512256018,0.974778688490595,0.9843449078760764
215,2021-11-04,1.0483563890418777,1.04270751102641,0.9956763377478374,0.971954597595498,1.02580124280832,1.018302164874785,1.0269707455928467,0.9981617914537332,0.985286257361255,0.9872476627559847
214,2021-11-03,1.0335834095644842,1.043099612583607,1.0227667942405476,1.0590845611314823,1.0321744269212962,1.0500290030991493,1.0339140353072802,1.0347727132408877,1.058269974810176,1.0098656281637703
213,2021-11-02,0.9687232357836564,1.0648918479326204,0.9825601788783336,0.9221330478730156,0.9663997052576122,1.0048753310110128,0.9666304139941024,0.9943058371186612,0.9844414936333304,1.0194216911071472
212,2021-11-01,1.027945123976964,1.006834901187202,1.053638961966947,1.0131311739055304,1.0008078786495345,1.0328187228740489,1.0034005539455957,0.9940910368132942,1.0263720137221035,1.0102258624910243
211,2021-10-31,0.9897244879543924,0.9399138079485516,1.0137030786659895,0.9379065854135268,0.9952856168753262,0.9971220103996228,0.9904205806089929,0.9928401221250782,1.00608617697287,0.9716648279820356
210,2021-10-30,1.000603001647817,0.9934661360467614,0.9880402811482456,1.0492926660391388,1.0364291628809494,1.004430234181296,1.036732234685919,1.0249416824779034,1.0084006399013712,1.0151042210654746
209,2021-10-29,0.9755020969838638,1.0847943103834337,1.034285485541968,0.9832100685511064,1.0080193845078724,1.1153498134621136,1.0105235142698268,1.0362639115284906,1.0316657612052258,1.0034170039646706
208,2021-10-28,0.966838342405583,0.9838983651150968,0.970786670499507,0.9891479670926452,0.9358629249400804,0.98487374103817,0.9337504361168064,0.967606398855151,0.954412790457282,0.9098788496764352
207,2021-10-27,0.9830884235659694,1.0969242945521736,0.8850786295434354,0.9638952981661586,0.9874217756446648,0.9524927369064884,0.9871224483762056,0.9584991512019392,0.9056205455276586,1.075363143693536
206,2021-10-26,1.141513940108526,1.0389179391625147,1.0852412651439858,1.0464726893560516,1.0791841356085,1.1209520788084288,1.0784674411780026,1.0335939885517476,1.0780779652270531,1.007825181513207
205,2021-10-25,0.9728440502872452,0.961157066071066,1.0460347486396682,1.305542069231323,0.9602416186909288,1.008097436558824,0.9609818129238592,0.9935201473442744,0.9909369952365804,0.9644021446582198
204,2021-10-24,0.9641995851162232,1.0173703145599846,0.9637469166691044,0.9700330768628312,1.013834734773456,1.0385327403467022,1.014398358184578,1.0088952555270123,0.9776735200026934,1.0334357004653705
203,2021-10-23,1.0074344035179146,0.9931429931044472,1.053056365405777,1.063841940585078,0.968124464043892,1.0014905253832906,0.968198450407429,0.9758268646077568,1.0090408654374188,1.0106413602517847
202,2021-10-22,0.9549078574466764,0.9640136411678416,0.9792460643684294,1.1271474207554903,0.9701110598976782,0.9377161765107176,0.9692563536782086,0.9441943315424124,0.953134399530151,0.9524173232696748
201,2021-10-21,1.0849430966943006,1.0449704996719165,1.122498132607782,1.0664033190904194,1.0862915298129077,1.1007448968479752,1.087759793313883,1.0266572545009167,1.0479300890572705,1.0352884337387809
200,2021-10-20,1.0529869130073808,1.0202916937623694,1.0718183232034988,1.0546317099554685,1.012894098608953,1.089021630559786,1.0137842540278097,1.0403057110046503,1.0523251860992795,1.0298425841898586
199,2021-10-19,1.0016723895886013,0.958414767972421,0.9765618940686328,0.9711415878671336,0.9820687703456874,1.0064141371671758,0.9791147233377104,1.007050499382368,0.9799703516155156,0.9750422687901212
198,2021-10-18,0.9652273909762852,0.9848461034514264,0.9729508998295758,0.9741328276821544,0.9846839537826868,0.970281650122177,0.9873217536586104,1.0068361481988295,0.9942625146054234,0.9851375880345604
197,2021-10-17,0.9806560303278502,1.000682606970905,0.9515033274679028,0.9688934486564816,0.9849031661296218,1.0069538789096633,0.9828970591753466,0.9895907409293978,0.9408771911834132,0.973728705152652
196,2021-10-16,1.0997565222638892,1.0300699174888173,1.099063930154147,1.0887357735245111,1.0839240520818858,1.0732870486227364,1.0827145510162073,1.0758295415318,1.1363755853202722,1.0283584793883382
195,2021-10-15,0.9300105364105123,1.0393719081825468,0.9476998960466448,0.9437157827933552,0.9344792599832707,0.9502288316340805,0.9339537692874822,0.9993816409165132,0.920495138700676,1.017743178992065
194,2021-10-14,1.0362905493546808,1.04863638943976,1.0617973551866646,0.9843729259760624,1.0157955564231989,1.071673557131034,1.016044170285049,1.0204659548467894,1.0839030954627644,0.9946099552568848
193,2021-10-13,1.007188186584555,0.985521310134706,0.9928791174849788,1.0622721450568748,0.9619956328362572,0.983249971518676,0.9600570268532204,0.978505693201184,1.0107833979116572,0.9815446333073592
192,2021-10-12,1.0488298192591048,0.9996631840457229,1.0528147046701295,1.0729980049920365,1.0691220020349723,1.069856326127537,1.0708925163847425,1.052285597517148,1.0416762127813164,1.0842182607209598
191,2021-10-11,0.9467193574710608,0.943178317430706,0.928214712173047,0.9417239742081724,0.9491095275070012,0.9633285896277493,0.9492832437898046,0.9924973192729896,0.9407243650949187,0.9601688880413192
190,2021-10-10,0.9657979405165906,1.0014696957200226,0.9584742339002064,0.9507656668971908,1.0262429538338336,1.0039579135297632,1.025617396049,1.0206350377490088,0.9863198320719732,0.9840897023243208
189,2021-10-09,0.984789374184918,0.996546321166037,1.0243456988037016,0.9741571426417754,0.9832500254064838,0.9970621893299022,0.9836627449167432,1.0021587548407966,1.0010222179762998,1.0759149711318097
188,2021-10-08,0.9721257168380616,0.9992758296034916,0.9499913144328304,1.0133583453937236,0.9709929227626596,0.9772323057579694,0.9744655587092312,0.9725867110219568,0.9385664655403648,0.9998458498324856
187,2021-10-07,1.086772905593172,0.9926637373024054,1.1048518299155872,1.1341955890597442,1.1033805388283475,1.1043478182533633,1.097278551482605,0.9458598520259582,1.117170892114828,1.0046182136159276
186,2021-10-06,0.986385792762868,1.0165689741608426,0.9601474918682152,0.9153992403282925,0.9759460385055112,1.0039460121747694,0.978248521215486,0.9684166869318368,0.9612781044141592,1.0424907118587765
185,2021-10-05,0.994984584864148,0.9581273677269376,0.9995358216702328,0.9913257563131468,0.9750300736088058,1.021217519446465,0.9700428808429096,0.976475759146083,0.9894099360334956,0.9766631254269692
184,2021-10-04,0.9605655096450808,1.0165065114432117,0.953312233827304,1.0023105272291533,0.9872420977170172,0.9771668897211636,0.9920109790456652,0.9878607420819486,0.9615470723001396,0.978764018260382
183,2021-10-03,0.974527435652776,1.031605686605509,1.0057545865513813,1.0900313341459016,0.9849799285356308,1.0041539689489465,0.9825881716168436,0.9778358012056122,0.9762299247034928,1.0159346474403468
182,2021-10-02,1.149143329693914,1.10004172382476,1.1352182301162737,1.1167490613756847,1.1043589125892128,1.1323534699792572,1.1070668810401838,1.1106793313587933,1.1316835400654577,1.0850528821889476
181,2021-10-01,1.0514974600161515,1.0360267506619478,1.0575469285654977,1.0434990105708652,0.9592511180043904,1.0292625967906115,0.9612910047804902,0.96255310434729,1.0512041877408778,1.0157834232954368
180,2021-09-30,1.001906617300467,1.0171155182962963,1.0041772393118489,0.9801080472370066,0.9611683878810446,1.0094774779708369,0.9669687965967126,0.957934098033257,0.9777426221823994,1.023210401817889
179,2021-09-29,0.9749472115998536,0.94616178490477,0.99505002311039,0.9744459149834293,0.9735423977773676,0.9786200627160744,0.9743360595276228,0.9693229657344856,0.9651055054555188,0.9826876955208228
178,2021-09-28,0.9595340844610856,0.956802397812072,0.9633704472846708,0.9563341372506028,1.002332234953237,0.9622911126648512,1.0056579343581102,1.0055502785179335,1.0305262784280749,0.9371764255638566
177,2021-09-27,0.9645611013407068,1.0102299221499746,0.971106969152264,0.9615537605820118,1.0207891346392712,1.012285517362063,1.0200551127294717,1.0233576872702026,0.9739154904789362,1.0011100963684014
176,2021-09-26,1.0503420277068107,1.0185615258833254,0.9849602139890652,1.086140410119682,0.9926080436193712,1.0027649616273815,0.9881218184594835,0.9920126785265908,1.199682237259399,1.0446625969380017
175,2021-09-25,0.9370958166388093,0.9154578972721304,1.0099613303184851,0.9134999411944396,0.9549349418935764,0.9444872386103084,0.9565425824298462,0.9538562338998824,0.9497032958654938,0.9296576794291396
174,2021-09-24,0.9818516590094054,1.0173637743687154,0.9901798201245972,0.938810095457788,1.0782098511879576,0.9925237969697248,1.074514250155544,1.0793363678370302,0.9848051218292329,1.0282086255790757
173,2021-09-23,1.072561122503119,1.1073538032003127,1.0889919113070403,1.1882484804039124,1.0482522015501388,1.0951816402137884,1.0522561209555208,1.047525482294732,1.044373226888731,1.124508707858924
172,2021-09-22,0.9817506744371056,0.9158259236617096,1.0036091637202595,0.9870232385550552,0.8805325939052591,0.9621721273661172,0.880124076856549,0.8739526243719419,0.9983158070259828,0.9155184750012736
171,2021-09-21,0.8840963603948017,0.8576071299971244,0.8665329113243346,0.8617762649254925,0.9602918037476756,0.9210122974450906,0.9638040059460082,0.9578162883353392,0.8720506081408163,0.8953672574222182
170,2021-09-20,0.9260771342273408,0.9675806898504508,0.9297203274464556,0.8589357504644155,1.072645314817213,0.9929955375419408,1.0716201951361737,1.0843643363087834,0.942958784369622,0.9748429885275572
169,2021-09-19,0.9997780265915788,0.9936616368966706,1.0068977202597795,1.101683202438063,1.0421319712169606,0.9985327915012612,1.0427772547533252,1.043240152276434,1.0176621709621076,1.0180788100381253
168,2021-09-18,0.9663379622841238,0.9244671240885866,0.987382001583334,0.9938926887346096,0.9673305060032816,0.969294482737723,0.9644596849022762,0.964717295561358,0.9725334405440604,0.9560310889978544
167,2021-09-17,0.9288230648853104,0.9921727394644482,0.9330061715958532,0.9078910002306456,1.0064456279105694,0.9694391011130332,1.0043287790925457,1.0075154426241009,0.9301846520447972,0.9548117858211926
166,2021-09-16,0.9584307505483204,1.0482577178156718,0.9995791081971666,1.0553083417867293,1.0291928370576,1.003630508760289,1.031777377907915,1.02845997053558,0.9840826844092376,1.024958879955048
165,2021-09-15,1.0992901425272623,1.0645583649980728,1.0315012338750549,1.106699949523747,1.0208054152002497,1.0475300919007349,1.0224719701105127,0.965651211766122,1.0909311006609566,1.0791979798426552
164,2021-09-14,1.0757762795555976,0.9399174383354082,1.0520867491295234,1.1034601498338357,0.9335363655521288,0.9782736864404746,0.9288848967658166,0.935726820149372,1.05695282671336,0.988442775565327
163,2021-09-13,1.0432605078399466,1.0825166593189102,0.9636023560679604,1.0287561322902232,1.03653679620516,1.008959820226202,1.0503849247580324,1.0462928250633567,1.0030846545758578,1.010236069229219
162,2021-09-12,1.0100393131644467,1.018032444552586,1.081760496346895,1.0508748399778047,0.9992316375758789,0.9930321617300312,0.9877970809720468,0.9857556267478558,1.033054333916556,1.0062245605222586
161,2021-09-11,0.9987822941284974,0.9327442331236314,0.9741633190261438,1.0113505842160118,0.9510872845188886,0.9811562104893582,0.954104939344267,0.9591224579739824,0.9738657959362296,0.952059340151032
160,2021-09-10,0.9800076502310032,0.9899957566075006,0.9828162033676552,0.9389592000003386,1.051103611719022,0.981386190275307,1.0534797925506316,1.0468241605735509,1.0001930138843167,0.9980290696086576
159,2021-09-09,0.9832468782223386,0.9916919170618488,1.004559095104103,1.1724169401949562,0.9852050942501352,1.0686493586238293,0.9767023552721126,0.9705268514848548,0.9808096502101938,0.990891942601879
158,2021-09-08,0.8605135999460648,0.8113562517525362,0.8708771645197737,0.8992508772088678,0.8939933148689623,0.9186807715956532,0.8979984760484355,0.3146039565284708,0.860398774852745,0.8216340892740889
157,2021-09-07,0.9697599643831316,0.9771611425469284,0.9291038200089816,0.9122454496752938,1.144965894734465,0.9666909414600616,1.144487301367602,3.2927902428776803,0.9607890139017878,0.9877802335603318
156,2021-09-06,1.000195360467972,1.0069644588388629,1.0632308427602697,1.028462823247723,1.019209290316096,1.0305477299161672,1.014902841515039,1.0199149178837092,1.004795801288209,1.0305760434196751
155,2021-09-05,1.011592657466642,1.0036178241325513,1.0738149399405037,1.0529177413962916,0.967035125154888,0.9826582756355192,0.9713172289476356,0.9660134180965304,0.9890130080644098,1.033132845778416
154,2021-09-04,1.0217814406457486,1.020568694699688,0.98858034039292,1.0416392853939915,1.00904891331241,0.9837479218806748,1.0130833688166976,1.012188441404238,1.0125329973938986,1.039144740063258
153,2021-09-03,0.9849666373153706,1.0237337975993357,1.0197200659355057,0.9959043058176832,1.0080518576484097,1.0038351692177288,0.9966541608117138,0.9977248778204676,0.9520561204913937,0.9657700467134198
152,2021-09-02,0.987337723586136,1.1403676374502965,1.0321220218401197,0.978993112827589,1.0054419479324068,1.0632034353416655,1.0161100900199027,1.0171767972576633,0.9822043472187502,1.043488816889434
151,2021-09-01,1.0220316646529768,1.048819746630251,1.0807070758512818,1.0010883512283002,0.9733563231995008,1.009687191783478,0.971698938176687,0.9769481465429818,1.0283357411233305,1.0612074802794813
150,2021-08-31,1.0804938345718071,0.9849184806492088,1.037902881177287,1.0607256482100709,0.997252789013779,0.9851839636534574,0.994444682432771,0.9634035096295096,1.0972760737860543,0.9670230771834286
149,2021-08-30,0.993973563021788,0.9769146359272888,0.995554671874512,0.995469046859394,1.0106974022215602,0.983006175260184,1.0089958916620196,0.9761457853312664,1.001573929843028,0.9858061574353808
148,2021-08-29,0.9936983699877628,1.015716924975476,1.0015912940535203,1.0051575899897824,0.9892362568024616,1.007067250386854,0.9918497642425652,0.9970139558924026,0.9941815548134,1.0070309526317234
147,2021-08-28,1.0339428478255632,1.0530845753272338,1.036605059302697,1.0065538603521982,1.0436351173404044,1.050348328726458,1.0484310291057777,1.0392562206926388,1.0310652460835137,1.03341203230914
146,2021-08-27,0.9644713969497928,0.93568173650011,0.9674689931774092,0.9670856551072732,0.9298739382792096,0.8636172999487687,0.9263338477749964,0.9638053360959667,0.9745048402948384,0.9548529101253996
145,2021-08-26,0.9809574007281692,0.9943575520389976,0.9886085247048236,1.0009570703520136,1.057687322406929,0.9736692026652062,1.060504267613991,1.0221543886076734,1.0125434693554916,1.02462057490753
144,2021-08-25,0.9570146653019912,0.9186650632990382,0.9716645184756888,0.9855537385784758,0.9549720924313396,1.1443243739900093,0.9500716179790156,0.9681338572877346,0.9596606771878976,0.9363841820079496
143,2021-08-24,0.9675252309500968,1.0006510049843875,0.943710568435553,0.9348478943344304,1.0338558381689198,1.149452702192374,1.035388866803695,1.0054422312975466,0.9659357240456784,1.011346653871201
142,2021-08-23,1.0161214799153329,1.0368894305454504,1.0199461851582532,0.9658669062182688,0.9926946391898664,1.0815717606513184,1.000711642632623,1.0064752161465471,1.012688244652084,1.01944422171168
141,2021-08-22,0.9953935128185616,0.9860890377224,0.9936029824808644,1.0886690305541826,1.0030084422814085,1.0015487186440433,0.9940199808576108,0.9946704445418454,0.9949120682162772,0.9784851713395516
140,2021-08-21,1.036484238843531,1.0815954762311613,1.027221251667656,1.0292497213897598,1.0488098613813284,1.0472780148117065,1.0522579296352954,1.052430068839576,1.0395919358578327,1.0225075512503856
139,2021-08-20,1.0084461103115847,1.0357383068889083,1.0489947062138658,1.0552843959791254,0.9805977074339904,1.0588080452665114,0.9790421725538692,1.038421647072936,1.024571833981924,1.0343093265633352
138,2021-08-19,1.0105414914195063,0.9968872137529814,1.019144623166096,1.071463003492073,0.9750563800551956,0.9935810534850478,0.979841016730684,1.0108009070017363,1.010049671833788,0.994493345239614
137,2021-08-18,0.9485348693927044,0.9667960248208132,0.9355035668075656,0.9603240893495372,0.9683392203587032,0.9721418796739292,0.9635851826162204,0.9674723861091302,0.9640526318503044,0.9554621944762912
136,2021-08-17,0.946482758718465,0.9683648275499208,0.9500556273069556,0.919635921791557,1.0087057081280113,0.9683698569529368,1.0027535301668806,0.9788783167360886,0.9175787425279188,0.9887803075664744
135,2021-08-16,1.0297152568203525,1.063494073718649,1.0324327727130178,0.9778567183021776,1.0193511894313334,0.992891906792469,1.022013219341641,0.9986440698102595,0.9855357503815984,1.006163546258428
134,2021-08-15,0.9792772074276196,0.9802990161291348,1.0087044253047448,0.9675130738711416,0.9826626215143752,0.9902279379667028,0.9843733428787864,0.9869443782234162,0.9912291161550244,0.9877166804320756
133,2021-08-14,1.0543814593956369,1.0939900531561393,1.0657406547650383,1.0424555087901468,1.0856595420020112,1.081762671989262,1.083883146647601,1.0722897131601918,1.0718938899999162,1.0840266370583944
132,2021-08-13,0.989141921933444,0.9664935313473348,1.0087918212431934,1.0540319154343607,0.9030185454353332,0.8951505222771785,0.9091674456492344,0.974659476327679,0.9891639769427212,0.9779571467838766
131,2021-08-12,0.9968877202611606,1.026075504297521,0.9873982106850572,1.019467890310111,1.040102707573741,0.9984875199893932,1.0309764313780414,1.0002748681019498,0.9923087740807308,1.0794171516859283
130,2021-08-11,1.0302587640164935,1.0019314230970144,1.0374410954210147,0.983087949410622,0.9796718353325492,1.000083676647894,0.9818410879185752,0.985500555519556,0.9876612414057688,1.0326320564246836
129,2021-08-10,1.106450769831392,1.0385431297508907,1.0916903797524224,1.1739464216308464,1.0706366915203944,1.085810245304614,1.076285700160527,1.0584592555345624,1.093543395690358,1.04290265872929
128,2021-08-09,0.961094664037306,0.9171654930856796,0.9692199881065532,0.9885090004343444,0.9418272226403684,0.9591864999111558,0.9345468868992536,0.9799684540008884,0.9898729897665872,0.934572502265814
127,2021-08-08,1.00011650010662,1.0414391571313406,0.9959727243585104,0.9780883383274722,1.0385224818811851,1.0072622362164267,1.0481688398349118,1.0431156625742617,1.0000517292196942,1.0526288611376688
126,2021-08-07,1.0429440686885418,1.0422943341583686,1.0412938693303992,0.993227612814651,1.015768449530699,1.1067786561099884,1.0110185313997146,1.0484197801417052,1.084338517970585,1.0066910618450051
125,2021-08-06,0.9728236109135509,1.061438280142722,0.9754433897862368,1.0693514693016086,0.9849908716547836,1.0056122530084877,0.985709005445025,1.0271312480751995,1.0156242380276157,0.9923306651758226
124,2021-08-05,1.1110237554231666,1.0419283623413873,0.9996478254571224,1.09961753877124,1.0092106363724491,1.0214935736630322,1.006113989726395,1.0035874250809302,1.0875554272368422,1.0339824388241672
123,2021-08-04,1.0309416487982064,0.9897456362674149,0.9476515621263096,0.9761058703312436,0.9393813519545112,1.0110994481634323,0.9372492953316344,0.9354894263433436,1.034172676162573,0.999092294052272
122,2021-08-03,0.9708566082344152,1.0291049597414852,1.0258878053657652,0.9719566923441808,1.011195066296639,0.9867898140090184,1.0159621030705397,1.0191377404092825,0.9589834170539778,1.0094938254680337
121,2021-08-02,0.9852949558777464,0.9850729059005215,1.0401996491771568,0.9515864523118168,0.9771147257426072,1.0173264026153122,0.9735072541494224,0.9675373160751944,0.9913711421800356,0.9515536121201406
120,2021-08-01,0.9958359162850208,1.0436923937321458,1.0065993632422845,1.009230577586331,1.033952324926923,1.0354922830844722,1.0386529006511849,1.042835212989318,1.0476800036827072,1.060041321255308
119,2021-07-31,1.0813795626794491,1.0338893701521876,1.0716813979827198,1.0546378211281455,1.0321611369053114,1.0566820916338378,1.045795154718676,1.048665143890004,1.0936565681570425,1.0228785990063758
118,2021-07-30,0.9866263056704272,1.014771269814383,1.1064311259368986,1.0117890316522886,0.961106346089318,0.9833296901245802,0.9624959323787716,0.9611703356239334,1.028151224420724,1.0308368994200967
117,2021-07-29,1.074959314884084,0.9954024733773364,1.038834021735073,1.0759173423562112,1.0321930215499369,0.9892724536236422,1.0224547998184572,1.0201733459327993,1.0493748087187025,1.0098559342845197
116,2021-07-28,1.02141551642484,1.014963220696765,1.0082098928079333,1.0072196975483851,1.0188762848873405,1.011549677966791,1.0277793654629446,1.0211694258951451,1.041844648820127,0.9895892719735664
115,2021-07-27,0.9871875803373782,1.0115237221004818,1.0792295507758227,1.028082140827793,1.0152766994099784,1.0218967389014808,1.0095374133545,0.8682547284237859,1.0159941435578284,0.9825434961190508
114,2021-07-26,1.0231233716980743,1.00949716196179,1.0492304251061335,0.972990187454929,0.9561318804459752,0.9695251428983296,0.9724383513414828,1.036280999410364,0.9869322300887012,1.0279861407382922
113,2021-07-25,0.99761176373947,1.0337335337078737,0.9973827243786224,0.982049799932768,1.0049545732285676,0.9980300131842904,0.9875745146450764,1.022658416371073,0.9944611524545608,1.006024719501685
112,2021-07-24,1.0079402475139,1.034940539818279,1.022485476463601,0.9762795150958168,1.003327317037417,1.0582319499519035,1.0124931555714585,1.0323115042558226,0.9957732627133606,1.0260046745527147
111,2021-07-23,1.0016493670527078,1.0135873501571964,0.9937854792554134,1.0039360898392489,0.9750585507407494,0.9834461188119464,0.9684234809490678,1.000794216710588,1.0229208769761415,1.0053544300193271
110,2021-07-22,1.1616119288800195,1.0916582018819885,1.1315710513745485,1.1515705911238463,1.0756307159525704,1.0738287822687655,1.0713460542479378,1.0804713190860449,1.1298489291934328,1.0913031251017722
109,2021-07-21,1.030875343039237,0.9505502941546412,0.9900501176936296,1.004714447934468,0.8964992749496292,1.0260995103080528,0.8959941604477075,0.8606052791867317,1.0243032786238688,0.9659672433588516
108,2021-07-20,0.9398405833249608,0.9233973410994096,0.9486038774378284,0.9541626075589232,1.0095940692684031,0.9907911245686908,1.0198543589957538,0.8674368303771438,0.929001776850165,0.9553414817013526
107,2021-07-19,0.9728328770599198,1.0391594579411505,0.9773813916057305,0.9908378747364516,1.0330946102669654,1.0151181329224632,1.032270541517329,1.8134075108666463,1.0023613227128798,1.0188885520920237
106,2021-07-18,1.012843510271977,1.010722510696046,1.0128554959307732,0.9944716843164774,1.0085641848181228,0.9845316940867944,1.0039923870051854,1.0060197820608066,1.0186052073780874,1.006043529650372
105,2021-07-17,0.98377174220894,0.9386370096115484,0.996647981937871,0.9921215021527868,0.9903384340110416,1.008218842721362,0.9884542521930586,0.9896565120724624,0.9757859064262944,0.9222815108233358
104,2021-07-16,0.9149584487534628,0.9388260008263484,0.9477848748131136,0.927589754857328,0.9677032505949116,0.9834085099182414,0.965561559964482,1.150541951321183,0.9371629811230088,0.9463889703911026
103,2021-07-15,1.0088743075855195,1.0107800279025818,0.9611441807381912,0.970073255479851,1.0449740115311823,0.9945413882586333,1.043345019463335,1.03889487421621,0.9863089763775632,0.9813085794853812
102,2021-07-14,1.007299848331492,0.947358866925292,0.9817841347592215,0.9769647220397528,0.9695956314007056,1.0063773276337027,0.9797898602919136,0.9815513396062066,0.950684404202391,0.9751085606039164
101,2021-07-13,0.89406808352406,0.9470380881456676,0.9439059282521294,0.9389269850671476,0.9844858019928098,0.928546425285649,0.9865213349067544,0.9796079133329222,0.9227614699840894,0.9782925782188948
100,2021-07-12,1.0263137440531458,1.0026152175227674,1.007909988406815,1.0039853091290791,1.058917232021433,1.0097500321417927,1.0560588101404564,1.0556378900588048,0.9984056231607346,1.0131367719897597
99,2021-07-11,1.0024847575751694,0.9787246938618004,0.9778946714986754,0.9795525634147064,0.9688499169978244,1.0013857564189033,0.9633832506545588,1.082947723563819,0.9896830242083456,0.9887844852981094
98,2021-07-10,1.01321272428547,1.0128349508318315,1.01614455796301,1.0234383977233843,1.0430561121800703,1.01809527868145,1.0416933627877951,0.5230224187875278,1.003088049959577,1.0150927491770445
97,2021-07-09,0.970638875209806,0.907391402684004,0.9500057360420012,0.9511462900147138,0.9326063370192256,0.9692457051709994,0.941403430247708,0.9179365542206106,0.970178037833781,0.9361554515380764
96,2021-07-08,0.9621632063821084,0.9798400235617808,0.957867855482622,0.9311090951890904,1.041489132028946,0.97046011960169,0.9936407539439402,1.0531545246158427,0.9365901758710256,0.9887269245670612
95,2021-07-07,1.0025111893508278,1.016401181302126,1.0030359554839834,0.9965836065382612,1.0020883478092095,1.009674505207499,1.0353651584985952,0.9835434126268948,1.013675566129984,1.098411308343868
94,2021-07-06,0.9735903101373244,0.9737218944786872,1.0333052396378717,1.0378147634278363,0.9576013748165532,0.9922142098441864,0.960417565371232,0.9585783972593988,1.0539531772441897,0.9748288362176
93,2021-07-05,1.1889132309440744,1.1193930282998672,1.015040295594197,1.0412322175088216,1.0635795949598592,1.0240823873082625,1.0421828157620927,1.0404221164543277,1.030608327695555,1.0234052977798564
92,2021-07-04,1.074155344566387,1.055074122773094,1.0461528971687473,1.04830046547106,0.9943859265439168,1.0255366240465666,1.011681191050012,1.0109134032158125,1.0751367525683184,1.0157915756379343
91,2021-07-03,1.0892561142660413,1.0519971220651698,0.9946604973942924,1.0432007201348936,0.9800721158486696,1.0371596715330669,0.9853887162705488,1.00811280994982,1.0483818805292495,0.997066587389704
90,2021-07-02,0.9580995573226676,0.9118250016592182,0.9510737727314365,0.925682667503928,0.9572039858694724,0.9600142798913066,0.9569880788392656,0.9575246618796028,0.9659737626343384,0.9547778857004204
89,2021-07-01,0.9472413699736462,1.088629563185647,0.9574051892616872,0.9574800217292704,1.0180733511696216,0.96990958041031,1.0149116994422576,0.9778279744090632,0.9538991463610316,1.0099063519312026
88,2021-06-30,1.1190216483847524,1.085439035023284,1.0646702373963872,1.0830165816999917,1.0777026594878836,1.1480715242079695,1.0725571165710637,1.0489234854533322,1.0997331291943029,1.0617167295826622
87,2021-06-29,1.0045397478215676,1.1496766894811,0.9929196695859892,1.0651686990224547,0.949180724650792,1.0071004074833718,0.952899445736416,0.9528918960698924,1.0051413217589005,1.0513445640965828
86,2021-06-28,1.224168799846115,1.085722371306581,1.1170807485487095,1.0975683536403478,1.0769711835995253,1.1447962813045374,1.083113519142873,1.1149056366023968,1.1293106329850808,1.0558267495115503
85,2021-06-27,1.0143818002268707,0.9287530596624476,1.0108978228812224,0.9986263994909822,0.9270473890551724,0.9908787103342293,0.925173891685826,0.862953495125514,0.9892289412487076,0.9853842030768616
84,2021-06-26,0.8848684264345726,0.9010201376296968,0.8895236204162784,0.9162473800989358,0.919167755330066,0.8845979282870601,0.906537031584183,0.4788136209226863,0.9028722205142228,0.920900811750767
83,2021-06-25,1.0114446917449098,1.0758286549349705,1.0174824434808851,0.9909090869957796,1.130966288294308,1.0540733126222817,1.1471118512437244,0.86893264297967,1.0056341436694674,1.012885008739255
82,2021-06-24,1.0263821411261789,1.0382472248491346,1.047275990344638,1.1200965893545896,0.9979736596300948,0.9975799458346992,0.9951663288821464,1.7307840934829133,1.0202819105234446,1.0822886223432588
81,2021-06-23,1.003905944785375,1.0386788317910791,1.0853428627186732,1.0708941764807676,0.9971194865736972,1.070542940327912,0.9903326913174686,3.729910089682736,1.078592302598756,0.9684646786030324
80,2021-06-22,0.823335096730569,0.797359172501492,0.8271772945267855,0.8238795524590915,0.862314945784041,0.8425663150925801,0.8786554334896539,1.069787717674504,0.8856878234752901,0.816671381615814
79,2021-06-21,0.8882133979793831,1.028485547645881,0.9119240935860986,0.8589426321944656,1.133735661344325,0.9955482977610578,1.1279247024125136,1.005773660402302,0.8694120170432753,1.0840775904874531
78,2021-06-20,1.0567841921873913,0.9613225259745194,1.046630655517707,1.017158334322679,0.9905946370698298,1.0066809597041275,0.9973330430669152,0.9723983121534764,1.032405867917043,0.9786424268104846
77,2021-06-19,0.9144524844812404,0.8779074648788653,0.9118171206983758,0.91999859709221,0.9430819141886646,0.905994785777988,0.9380801443388792,0.7242788805124429,0.9236268570256434,0.934868349167491
76,2021-06-18,0.958157988267397,1.010589229958648,0.9625685070148462,0.9723766725917786,1.0526257419361005,0.997119367233336,1.057842526250625,0.9966641578619776,0.973593801540293,1.002379503486637
75,2021-06-17,0.9641441471292236,0.9191813421904068,0.9689504402128872,0.9691835921664784,0.969631232506426,0.9893332852616546,0.9669097388799992,0.9490628930487282,0.972325343138814,0.9270313031581832
74,2021-06-16,0.9670324026825756,0.9982944410995768,0.9734839924670432,0.9558816915911088,1.0326542390352231,0.978215362445762,1.032231995794545,0.9954271546254658,0.9664547764581816,0.9925750255801298
73,2021-06-15,1.0291040684692896,1.0081253931816572,1.037031031667935,1.0347641240850902,1.0414792058574154,1.0478881863227236,1.0378707220452643,1.0418894154397167,1.0147035382251823,1.0187146630891006
72,2021-06-14,1.0587866194889883,1.0605692129565398,1.1248343937204113,1.0835160583572845,1.0609285270625155,1.078385494443213,1.063567980144709,0.9853815760143018,1.0954710474241824,1.0640811838460629
71,2021-06-13,0.992832201455186,0.9818892666646304,0.9387190573976332,0.9250523589002372,0.8776718498677978,0.9075495834942108,0.8811817535660538,0.1849615740136193,0.95729909033598,0.9890689741588818
70,2021-06-12,1.0347397412333277,0.9348025182829558,1.0739438127834928,1.025826194009335,1.0580056775953548,1.0837262151681846,1.0541754428530974,1.0104632850995632,1.0318453650428523,0.9679064195038172
69,2021-06-11,0.8886347057271397,0.9374823868825334,0.8966922001697721,0.9213940293414702,0.9657333734113734,0.926120541268418,0.9724105301763782,0.9826822891024634,0.8970341414810563,0.9409372191958202
68,2021-06-10,1.0494801580861488,1.039421057130571,1.0311109589501124,1.031378661700312,1.1315525572389316,1.1033792685485329,1.1200707210523178,5.699739269333545,1.0677167358209507,1.0158413471951646
67,2021-06-09,0.913731359376083,0.942971985578859,0.9491136673571828,0.9581032058032376,0.9044902043666352,0.9346209971753464,0.9037124170642185,1.0031619077372973,0.959782480706162,0.9969162317948838
66,2021-06-08,0.9290435548242858,0.9227499047306356,0.9247009050168647,1.031288053257548,0.9493785411371763,0.9105415884499108,0.9373011117308004,0.933497252921671,0.9208222831606172,0.9267735191585924
65,2021-06-07,0.994709710036446,1.0230207892647043,0.9633464917593444,0.9286519421483806,1.0703645771115398,1.0246716373294706,1.071750941832047,0.9107131877855482,0.9983687428909476,1.01682410472184
64,2021-06-06,0.9666763579208978,0.9749161233395206,0.9610508943145786,0.9317646307902492,0.935620156339785,0.981455829529618,0.9504967253387092,1.887575716622274,0.9585547897595542,0.9928250036693954
63,2021-06-05,0.9324727379306614,0.9182712963041696,0.9200959555953,0.9231220634815572,0.9981808377846616,0.9683851129202756,0.9786829136175452,0.8517488677349947,0.949516657933944,0.9295968444609636
62,2021-06-04,1.0355800086444993,1.0331627610550915,0.9863463148358206,1.1803943472873843,1.0856904665541194,1.0478488348550146,1.1036259135004791,0.6134937311026003,1.0183277959800652,1.011600272263867
61,2021-06-03,1.0202047251607975,1.0585279133636605,1.0365754216345644,1.0551048545041202,0.9916035999805728,1.0263005619247958,0.9898662771946688,1.037417075281223,1.0222816846127645,1.0052678699720612
60,2021-06-02,0.9897473356234128,0.9430054049981008,0.9586296328124048,1.0954759732942918,0.9526714004420184,0.9808133631183246,0.958825548919522,0.9691837041166854,0.9692755986730728,0.9608997549293228
59,2021-06-01,1.0377606457358362,1.1105808133247066,1.0217975366578411,1.1120063468210384,1.0710400999663188,1.0297450717102812,1.058633267581465,1.7245407698661008,1.0298894054849457,1.1192704662111448
58,2021-05-31,1.1563487518554694,1.022844474304477,1.169265820174911,1.1499153443937575,0.9848494282965876,1.0937481400582696,0.9860189777376236,1.0391883642248014,1.0782790124542256,1.060702200473196
57,2021-05-30,1.0278686614897834,0.957415276688638,0.9999567800066448,0.9064282173181812,0.9374381891125818,0.9829852011543886,0.9502575941423548,0.4994358779238446,1.048073352355289,0.9621148344743397
56,2021-05-29,0.8870591019554794,0.8915458746265386,0.8607561432224855,1.0435160305566442,0.9393237384689516,0.9027841362200832,0.9418523013672664,0.5767689138251835,0.8483308622165775,0.8721156985257142
55,2021-05-28,0.9044564677612614,0.9377458626704904,0.9366021448978802,0.9508057288610392,1.084851420456747,0.9384716574319404,1.0587944620549297,1.0590416118432415,0.9660988168273446,0.9381292906485436
54,2021-05-27,0.9529102301491252,1.07045622940317,0.9841623469551646,0.977806376179381,1.0365119220538042,1.0254227543796666,1.0417017973383311,0.8844918603462848,1.0249839126905274,1.076286918058815
53,2021-05-26,1.0632938949223778,0.9975038833019326,1.1939483083921665,1.1462028483152904,0.9740713479980232,0.9959261856047926,0.9901954830216108,1.1664482496808262,1.1167856488965078,0.9688717749773678
52,2021-05-25,1.0871310369742524,1.2198135087401791,1.1677441755790825,1.1053065754596307,1.1073217309034276,1.1919358376373077,1.0995431560834332,0.934235125415589,1.1374904510892725,1.4502764725593582
51,2021-05-24,1.0934993399509454,0.8643789224186829,1.092963774121946,1.0212100571175908,0.8232795295990059,1.087318787724916,0.826790757475079,0.8145461931615945,1.223663845821277,0.8618880065580528
50,2021-05-23,0.9568961761305308,0.9178126176581396,0.9333695913685252,0.8809042270146633,1.1147254262255872,0.97589742148294,1.103708563596263,1.102132070819666,0.9021946553850352,0.8780015397885328
49,2021-05-22,0.8261741363369349,0.8624311128375668,0.8438204670009704,0.8151810369843628,0.9003774288640698,0.8641574529719226,0.8944249377489116,1.0784591215419852,0.8649889617244145,0.8537332226785979
48,2021-05-21,0.9395870704388152,1.102099205090023,0.9799247058008724,0.9871877877404271,1.214430891289331,1.0245543434704674,1.2115984127310782,1.1813322288059258,0.9708785138763476,1.1024631592732346
47,2021-05-20,0.8782579180762509,0.6868892419721973,0.8838681662087858,0.8767852184230807,0.8250298935815734,0.8757549710109496,0.8172556293830474,0.7153057255803934,0.8798928049729067,0.6320608915805215
46,2021-05-19,0.7592370541736267,1.025214440682921,0.7276727938480716,0.6429213705019586,1.0811040815689514,0.8266612728165594,1.1062819802689683,1.262497715438487,0.7687224338956505,1.1421490379667576
45,2021-05-18,1.0390154562962404,0.8988558759591482,1.0996001119716714,1.0890676635854193,0.9422335039277154,1.0432950526652882,0.95592906116733,0.8704550602905192,1.004492418965776,0.975170764939832
44,2021-05-17,1.169218194163266,0.9721359794473264,0.965136323653618,0.9979288774023948,1.0539368602417514,0.9968259539216174,1.0359196905384922,1.0513385216304985,0.9618914152811394,1.0038963529129237
43,2021-05-16,0.9696311445289916,0.884576133924845,0.9383754979851262,0.9747888723371848,0.9876865682418804,0.9150586803242464,0.9809410391509128,0.9909482643002622,0.9539009982028468,0.8494652480908271
42,2021-05-15,0.9167178511461304,1.0475404069271286,0.9403513278113276,0.9263640087210404,1.0371858945234682,0.963553501743602,1.0509977033876965,1.1539387567468282,0.9647285359068272,1.1603931275741028
41,2021-05-14,1.1603628546997442,0.9666448126009872,1.0706935860297166,1.0754549618087237,0.9894857841604812,1.05055013908804,0.980094891611568,0.9946123600260072,1.0665535537312425,1.001333823681141
40,2021-05-13,0.8527612709279538,0.8813316667984059,0.9134207309578424,0.8419836865017215,0.9347124015193724,0.8355329272775183,0.9162656656102258,0.1880011999490771,0.8839840727416011,0.8129430969073556
39,2021-05-12,1.328792229793056,1.1479293512513775,0.990232677344176,1.229153384617912,1.093088618196091,1.121723342143006,1.0990386105395469,1.0183769417873711,1.122169983866535,1.335684768665457
38,2021-05-11,0.9984001920597372,0.9333358342046127,0.9856417991845648,1.023463145549269,0.9516869142492062,0.9159609320490946,0.957615477376396,0.9602798794161336,0.9989155411078956,1.1549969268689182
37,2021-05-10,0.98109422830399,0.9558319000717904,0.9360828768655838,0.9238586765276416,1.0272770016438564,1.0409146530049342,1.0357210712381937,4.407230861145786,0.9551870336078366,0.9837088034481116
36,2021-05-09,1.0170485744119795,1.06871623379357,1.1006653467218674,0.9984230784618268,1.0347901150252925,0.983857876267795,1.0230033362936457,1.0245863857120567,1.0097697883592576,1.0079616723884697
35,2021-05-08,1.0416913777598034,0.9744681886956956,1.0025955742048058,0.941980136116959,1.000536296801307,1.117310289359882,1.015126056738648,1.0151096591228788,1.023019319070995,1.020412725155146
34,2021-05-07,0.9519489550521336,0.9693925168468144,0.9825897145960164,1.119327157255302,0.961862226582184,0.977737219940308,0.9640660637550768,0.0605151699800295,0.944041739341512,0.9639576017552214
33,2021-05-06,1.0232681804840882,1.060277705207867,1.0415900732010128,1.1425448086909118,1.0871992621783368,1.0899781738140948,1.0747154024733816,12.553753955092528,1.0315546690307105,1.093418823354616
32,2021-05-05,0.933630531553907,0.8981184260773682,0.9470903578062326,0.9569857806617011,0.8805533516952119,0.912993583878992,0.8968239372472093,1.0657047457372488,0.8643548572407757,0.9364574363667832
31,2021-05-04,0.9410011032147164,1.1706173680039211,1.1747687448919906,0.9425771994477192,1.0723479841965782,1.0590107233889725,1.0221041849615549,1.0606764576580197,1.0934372806697366,1.1046753897363195
30,2021-05-03,1.0389463014780789,0.9702539973833934,1.0291631859855317,0.9600380255797768,0.9647073086569004,1.0820807121201594,0.9897605590399744,0.5282360433748711,0.9662587049687404,0.9723082090553264
29,2021-05-02,0.978387211648858,1.0256544834263892,0.9828522534580382,0.97821155852265,1.0233424965701363,0.9934033419314172,1.019229950611731,1.0229307678163555,1.0835414459561377,1.017140137167189
28,2021-05-01,1.219606959545095,1.0484554643890804,1.159694072863091,1.106141393928196,1.0715493839916386,1.125595973689505,1.099145315756646,1.1297727588644233,1.065688035758153,1.0449413576603097
27,2021-04-30,0.9181877557146078,1.0046978700515252,0.9523899694576808,0.9967307323054936,0.9111335203376698,0.9077374130761982,0.8975191227945157,0.8735553900779266,0.8883520036048046,0.9717343197790472
26,2021-04-29,0.968938704117905,0.9910310591801644,1.0228101367630318,1.0130325908886535,1.0178651805182677,1.0312051674707257,1.0052480861032016,1.016731575587253,0.9915515988010004,0.9978607670021504
25,2021-04-28,1.0825613084881078,1.1102222839016802,1.0114017165865463,1.0050168668253636,1.030547762516104,1.0854405468127808,1.0164073551052464,1.0286086138269217,1.1055790968689836,1.0642689662091842
24,2021-04-27,1.1668009625648956,1.1148435424453478,1.1309918377037451,1.2068273979734268,1.0707750497657935,1.161494714183621,1.1022220149427482,1.0735787477051673,1.1207815517846478,1.1402074203584451
23,2021-04-26,1.036279614219915,1.03603191956999,0.9890034480067208,1.0448996073140897,0.886439352713456,0.9496045059676989,0.8860827986518758,0.9011821629507776,1.0011622068381465,1.019819174974292
22,2021-04-25,1.091876960615983,0.9111870165610276,1.0058105815086271,1.0050433552174074,1.0194157890393618,1.0247715844688683,1.0435863923748514,0.9814008763518516,1.1217930987452045,0.8975258568199769
21,2021-04-24,0.9258418430557775,0.924625437192694,0.8954357123025123,0.896325453284887,0.9870922311844484,0.94215107232182,0.9717102405095688,0.990141965977488,0.9137877206413756,0.953660691704097
20,2021-04-23,0.9137374256450554,0.990075547298526,0.9568020828082912,0.9205132636891292,0.9777626427412416,0.9543772251322468,0.9874652292962828,0.9821354989357154,0.9327484448211878,0.9968891979432056
19,2021-04-22,1.039081147268713,1.0033048059401166,0.979668994854302,0.9620754803285512,1.0161211676614796,1.053326219303353,0.993906749712997,0.9669430099453632,1.028687563153492,0.9374515397612332
18,2021-04-21,1.037453098108045,1.0531078515277732,0.9920411150712832,1.0144215731397002,1.0444441804427125,1.0793078181267255,1.0475645455650229,1.58191209319759,1.106135113688391,1.0417424044150263
17,2021-04-20,1.0220764759500618,0.9075704375534248,1.0577255058888368,1.0506711466927503,0.9865782861570618,1.0394538050337043,1.0057336929242633,0.987528861771948,1.0016048517343368,0.8808004730078031
16,2021-04-19,0.8467384115908286,0.94382465829236,0.8641664321970157,0.8210992984169783,0.9412856353080712,0.9194462638264986,0.9149127355344884,0.9374615250204076,0.9238159656416102,1.0808999407957756
15,2021-04-18,0.939250723442158,0.964193106539304,1.0199597533157916,0.8871459899330756,1.051516176215777,0.9834914645311124,1.067451900356947,1.0456289212061964,0.959099522283737,0.9287878714945632
14,2021-04-17,0.9637102846455092,0.9371976344675677,0.96000373529592,0.959722140085208,0.9920423912160912,0.940439604685717,0.9799348596453312,1.3593868658394117,0.9569747933939268,1.0506437729936635
13,2021-04-16,0.9748163392197948,1.0336593163250256,1.00804463609423,1.020078928061212,1.0275524962694067,1.0135574078182432,1.0135978588248715,1.027841542148489,0.9889893649029464,1.0678678672064272
12,2021-04-15,1.0738583992866677,1.2054821397869333,1.0186713646975962,1.2366280774286804,0.9816901956723808,1.0053387583335345,0.981372825490002,0.986382843834253,1.0320889622021905,1.0473890175866116
11,2021-04-14,1.1495715514175455,1.055020463579624,1.2380460126268202,1.086323397720058,1.0685685385288102,1.1024829235660267,1.0627401340074158,1.065099725471525,1.0878218695274826,1.0443817803901874
10,2021-04-13,0.950438594499747,1.0005814308537146,1.0157665984853472,0.9761845387232962,0.9460577860509604,0.9978523266832956,0.9650228351910232,0.7242140066078728,0.9091267644318184,0.954752098539712
9,2021-04-12,1.0791355861141028,1.014673707035402,1.0144885799914412,1.024265698338762,1.0001437481731794,0.9999927312512356,0.9970201813554318,0.7287064270246897,1.0032124910964102,1.0053921521753295
8,2021-04-11,1.0255013476374124,0.980758244062518,1.0533948080675763,1.030154019238655,1.0191936686071663,1.0243912420468058,1.0125843956479037,1.0432679501295634,1.2679287103757213,0.9815648260815042
7,2021-04-10,0.998558886456153,0.9596641376980936,0.9827298486511732,0.9681861864624846,1.0142816706890447,1.0209630347719822,0.9894548904636536,0.9869122012966351,0.982830691638644,0.9675444981456488
6,2021-04-09,1.0009848108537571,1.0680730353442616,0.996537855209332,1.0163050408674128,0.9980673008473184,1.0338789626822698,1.0136599013952412,1.0205255769116957,1.0095271865086832,1.0724841288608749
5,2021-04-08,0.990753227090074,0.875261398229652,0.9810763434250008,0.9803700740749896,0.9421052253402749,0.9687704951007808,0.9742900053641502,0.9367261748336476,0.98775848075535,1.056442260198151
4,2021-04-07,0.9317997923514172,0.9699494306533928,0.9187592447599058,0.9300844440983964,1.0157878727264764,0.9587709804016696,0.9854818233646386,1.0506400555229565,0.9326584359185542,1.081128054274739
3,2021-04-06,0.9894510855483144,1.0040000255175352,1.0955185679756083,0.9798241648977142,1.023018519067877,1.0155329280082417,1.0226476280654992,1.018252836814337,1.0396818637526752,1.0236200117364675
2,2021-04-05,0.982602689328264,1.046749574407894,1.0468680385000506,1.0935485194429282,1.0086242324036243,1.0250828168109911,1.0131111223829958,1.3802671793669312,1.023405234329901,1.0548071430031902
1,2021-04-04,1.017994666054511,0.9241562283427736,1.0109238212977818,0.9901543340012774,0.9583511658255972,0.9636484427862172,0.9712353784532322,0.950977087958894,0.9787283692082588,0.9103783800965676
